"Date","Analyst Name","Firm Name","Adjusted Price Target","Adjusted Previous Price Target","Rating Change","Current Rating","Previous Rating"
"2025-04-23","Gavin Parsons","UBS","499","481","Maintains","Neutral","Neutral"
"2025-04-23","Peter Arment","Baird","540","540","Upgrades","Outperform","Neutral"
"2025-04-08","Matthew Akers","Wells Fargo","432","476","Maintains","Equal-Weight","Equal-Weight"
"2025-03-27","Ken Herbert","RBC Capital","480","550","Downgrades","Sector Perform","Outperform"
"2025-03-24","Ronald Epstein","B of A Securities","485","685","Downgrades","Neutral","Buy"
"2025-03-07","Matthew Akers","Wells Fargo","476","468","Maintains","Equal-Weight","Equal-Weight"
"2025-02-26","Matthew Akers","Wells Fargo","468","497","Maintains","Equal-Weight","Equal-Weight"
"2025-01-30","Matthew Akers","Wells Fargo","497","500","Maintains","Equal-Weight","Equal-Weight"
"2025-01-30","Seth Seifman","JP Morgan","535","540","Maintains","Overweight","Overweight"
"2025-01-29","Kristine Liwag","Morgan Stanley","525","555","Maintains","Equal-Weight","Equal-Weight"
"2025-01-29","Ken Herbert","RBC Capital","550","570","Maintains","Outperform","Outperform"
"2025-01-29","Charles Minervino","Susquehanna","550","590","Maintains","Positive","Positive"
"2025-01-29","Gavin Parsons","UBS","508","527","Maintains","Neutral","Neutral"
"2025-01-21","Jason Gursky","Citigroup","600","700","Maintains","Buy","Buy"
"2025-01-16","Seth Seifman","JP Morgan","540","546","Maintains","Overweight","Overweight"
"2025-01-14","Michael Ciarmoli","Truist Securities","579","","Initiates Coverage On","Buy",""
"2025-01-08","Matthew Akers","Wells Fargo","500","543","Maintains","Equal-Weight","Equal-Weight"
"2025-01-08","Charles Minervino","Susquehanna","590","695","Maintains","Positive","Positive"
"2025-01-06","David Strauss","Barclays","515","565","Maintains","Equal-Weight","Equal-Weight"
"2025-01-02","Scott Deuschle","Deutsche Bank","523","611","Downgrades","Hold","Buy"
"2024-12-11","Matthew Akers","Wells Fargo","543","602","Maintains","Equal-Weight","Equal-Weight"
"2024-10-29","David Strauss","Barclays","565","505","Maintains","Equal-Weight","Equal-Weight"
"2024-10-23","Ken Herbert","RBC Capital","665","675","Maintains","Outperform","Outperform"
"2024-10-23","Cai von Rumohr","TD Cowen","610","560","Maintains","Buy","Buy"
"2024-10-23","Gavin Parsons","UBS","603","589","Maintains","Neutral","Neutral"
"2024-10-23","Charles Minervino","Susquehanna","695","705","Maintains","Positive","Positive"
"2024-10-17","Charles Minervino","Susquehanna","705","565","Maintains","Positive","Positive"
"2024-10-14","Seth Seifman","JP Morgan","630","560","Maintains","Overweight","Overweight"
"2024-10-10","Jason Gursky","Citigroup","700","570","Maintains","Buy","Buy"
"2024-10-07","Ken Herbert","RBC Capital","675","600","Maintains","Outperform","Outperform"
"2024-10-03","Scott Deuschle","Deutsche Bank","620","600","Maintains","Buy","Buy"
"2024-08-30","Ronald Epstein","B of A Securities","635","635","Maintains","Buy","Buy"
"2024-08-09","Kristine Liwag","Morgan Stanley","599","503","Maintains","Equal-Weight","Equal-Weight"
"2024-08-05","Ken Herbert","RBC Capital","600","500","Upgrades","Outperform","Sector Perform"
"2024-07-31","Ronald Epstein","B of A Securities","635","465","Upgrades","Buy","Neutral"
"2024-07-30","David Strauss","Barclays","505","480","Maintains","Equal-Weight","Equal-Weight"
"2024-07-26","Scott Deuschle","Deutsche Bank","600","540","Upgrades","Buy","Hold"
"2024-07-25","Seth Seifman","JP Morgan","560","518","Maintains","Overweight","Overweight"
"2024-07-24","Scott Deuschle","Deutsche Bank","540","487","Maintains","Hold","Hold"
"2024-07-24","Ken Herbert","RBC Capital","500","470","Maintains","Sector Perform","Sector Perform"
"2024-07-24","Matthew Akers","Wells Fargo","525","483","Maintains","Equal-Weight","Equal-Weight"
"2024-07-24","Gavin Parsons","UBS","538","511","Maintains","Neutral","Neutral"
"2024-07-24","Charles Minervino","Susquehanna","565","540","Maintains","Positive","Positive"
"2024-07-24","Cai von Rumohr","TD Cowen","560","480","Upgrades","Buy","Hold"
"2024-04-25","Matthew Akers","Wells Fargo","480","460","Maintains","Equal-Weight","Equal-Weight"
"2024-04-25","Scott Deuschle","Deutsche Bank","487","467","Maintains","Hold","Hold"
"2024-04-24","Jason Gursky","Citigroup","525","508","Maintains","Buy","Buy"
"2024-04-24","Gavin Parsons","UBS","499","482","Maintains","Neutral","Neutral"
"2024-04-15","Seth Seifman","JP Morgan","518","475","Upgrades","Overweight","Neutral"
"2024-01-24","Kristine Liwag","Morgan Stanley","503","513","Maintains","Equal-Weight","Equal-Weight"
"2024-01-24","Charles Minervino","Susquehanna","540","550","Maintains","Positive","Positive"
"2024-01-24","Jason Gursky","Citigroup","508","540","Maintains","Buy","Buy"
"2024-01-24","Ken Herbert","RBC Capital","470","475","Maintains","Sector Perform","Sector Perform"
"2024-01-24","Gavin Parsons","UBS","475","488","Maintains","Neutral","Neutral"
"2023-10-18","Kristine Liwag","Morgan Stanley","510","532","Maintains","Equal-Weight","Equal-Weight"
"2023-10-18","Seth Seifman","JP Morgan","481","495","Maintains","Neutral","Neutral"
"2023-10-18","Jason Gursky","Citigroup","540","555","Maintains","Buy","Buy"
"2023-10-11","Gavin Parsons","UBS","470","","Initiates Coverage On","Neutral",""
"2023-09-28","Scott Deuschle","Deutsche Bank","435","","Initiates Coverage On","Hold",""
"2023-09-18","Sarah Akers","Wells Fargo","440","","Upgrades","Equal-Weight","Underweight"
"2023-07-19","Kristine Liwag","Morgan Stanley","532","532","Reiterates","Equal-Weight","Equal-Weight"
"2023-07-19","Charles Minervino","Susquehanna","550","575","Maintains","Positive","Positive"
"2023-07-19","Ken Herbert","RBC Capital","475","500","Maintains","Sector Perform","Sector Perform"
"2023-07-19","Sarah Akers","Wells Fargo","440","433","Maintains","Underweight","Underweight"
"2023-07-19","Jason Gursky","Citigroup","555","579","Maintains","Buy","Buy"
"2023-04-20","Douglas Harned","Bernstein","496","478","Maintains","Market Perform",""
"2023-04-19","Seth Seifman","JP Morgan","500","480","Maintains","Neutral",""
"2023-04-19","Sarah Akers","Wells Fargo","419","422","Maintains","Underweight",""
"2023-04-19","Scott Deuschle","Credit Suisse","550","510","Maintains","Outperform",""
"2023-04-19","Jason Gursky","Citigroup","579","546","Maintains","Buy",""
"2023-04-12","Peter Arment","Baird","513","","Downgrades","Neutral","Outperform"
"2023-02-07","Scott Deuschle","Credit Suisse","510","427","Upgrades","Outperform","Underperform"
"2023-01-30","Robert Czerwensky","DZ Bank","523","","Upgrades","Buy","Hold"
"2023-01-25","Charles Minervino","Susquehanna","512","510","Maintains","Positive",""
"2023-01-25","Kristine Liwag","Morgan Stanley","532","542","Maintains","Equal-Weight",""
"2023-01-25","Matthew Akers","Wells Fargo","422","417","Maintains","Underweight",""
"2023-01-25","Scott Deuschle","Credit Suisse","408","384","Maintains","Underperform",""
"2023-01-13","Noah Poponak","Goldman Sachs","332","388","Downgrades","Sell","Neutral"
"2022-12-15","Kristine Liwag","Morgan Stanley","542","506","Downgrades","Equal-Weight","Overweight"
"2022-12-12","Seth Seifman","JP Morgan","505","450","Maintains","Neutral",""
"2022-10-19","Matthew Akers","Wells Fargo","417","415","Maintains","Underweight",""
"2022-10-19","Kristine Liwag","Morgan Stanley","506","522","Maintains","Overweight",""
"2022-10-19","Ken Herbert","RBC Capital","445","420","Maintains","Sector Perform",""
"2022-10-19","Charles Minervino","Susquehanna","510","539","Maintains","Positive",""
"2022-10-19","Scott Deuschle","Credit Suisse","384","375","Maintains","Underperform",""
"2022-10-19","Peter Arment","Baird","513","","Upgrades","Outperform","Neutral"
"2022-10-12","Scott Deuschle","Credit Suisse","375","","Initiates Coverage On","Underperform",""
"2022-10-11","Myles Walton","Wolfe Research","","","Initiates Coverage On","Peer Perform",""
"2022-10-06","Sheila Kahyaoglu","Jefferies","450","470","Maintains","Hold",""
"2022-09-28","Matthew Akers","Wells Fargo","415","406","Downgrades","Underweight","Equal-Weight"
"2022-08-30","Ben Herbert","RBC Capital","460","","Initiates Coverage On","Sector Perform",""
"2022-07-20","Matthew Akers","Wells Fargo","406","496","Maintains","Equal-Weight",""
"2022-07-20","Kristine Liwag","Morgan Stanley","522","525","Maintains","Overweight",""
"2022-07-12","Kristine Liwag","Morgan Stanley","525","521","Maintains","Overweight",""
"2022-04-20","Matthew Akers","Wells Fargo","496","486","Maintains","Equal-Weight",""
"2022-03-07","Matthew Akers","Wells Fargo","486","400","Maintains","Equal-Weight",""
"2022-03-02","Kristine Liwag","Morgan Stanley","521","450","Maintains","Overweight",""
"2022-02-28","Michael Maugeri","Wolfe Research","467","","Upgrades","Outperform","Peer Perform"
"2022-01-26","Kristine Liwag","Morgan Stanley","450","430","Maintains","Overweight",""
"2022-01-26","Charles Minervino","Susquehanna","445","400","Maintains","Positive",""
"2022-01-26","Myles Walton","UBS","425","410","Maintains","Buy",""
"2022-01-26","Matthew Akers","Wells Fargo","400","379","Maintains","Equal-Weight",""
"2022-01-10","Matthew Akers","Wells Fargo","379","340","Maintains","Equal-Weight",""
"2021-11-04","Kristine Liwag","Morgan Stanley","430","458","Maintains","Overweight",""
"2021-11-01","Ronald Epstein","B of A Securities","375","440","Downgrades","Neutral","Buy"
"2021-09-29","Cai Rumohr","Cowen & Co.","375","400","Downgrades","Market Perform","Outperform"
"2021-09-23","Noah Poponak","Goldman Sachs","402","","Downgrades","Neutral","Buy"
"2021-07-27","Robert Spingarn","Credit Suisse","398","394","Maintains","Neutral",""
"2021-07-27","Matthew Akers","Wells Fargo","385","384","Maintains","Equal-Weight",""
"2021-05-13","Matthew Akers","Wells Fargo","384","","Initiates Coverage On","Equal-Weight",""
"2021-04-21","Kristine Liwag","Morgan Stanley","458","445","Maintains","Overweight",""
"2021-02-08","Kristine Liwag","Morgan Stanley","445","480","Maintains","Overweight",""
"2021-01-07","Matthew Sharpe","Morgan Stanley","480","509","Maintains","Overweight",""
"2021-01-07","Peter Arment","Baird","368","","Downgrades","Neutral","Outperform"
"2020-09-08","Matthew Sharpe","Morgan Stanley","509","","Initiates Coverage On","Overweight",""
"2020-07-24","John Eade","Argus Research","450","425","Maintains","Buy",""
"2020-06-11","Myles Walton","UBS","475","482","Maintains","Buy",""
"2020-05-21","","RBC Capital","410","","Initiates Coverage On","Sector Perform",""
"2020-05-19","","Seaport Global","435","","Initiates Coverage On","Buy",""
"2020-04-28","","JP Morgan","395","350","Maintains","Neutral",""
"2020-04-22","Robert Spingarn","Credit Suisse","433","435","Maintains","Neutral",""
"2020-04-14","Matthew Sharpe","Morgan Stanley","407","385","Maintains","Equal-Weight",""
"2020-03-25","Robert Czerwensky","DZ Bank","360","","Upgrades","Buy","Hold"
"2020-03-24","Matthew Sharpe","Morgan Stanley","385","440","Maintains","Equal-Weight",""
"2020-02-07","Richard Safran","Buckingham Research","507","450","Maintains","Buy",""
"2020-01-30","Joseph DeNardi","Stifel","480","405","Maintains","Buy",""
"2020-01-30","Rajeev Lalwani","Morgan Stanley","440","406","Maintains","Equal-Weight",""
"2020-01-29","Noah Poponak","Goldman Sachs","520","469","Maintains","Buy",""
"2020-01-29","","Alembic Global","","","Downgrades","Neutral","Overweight"
"2020-01-15","Myles Walton","UBS","470","440","Maintains","Buy",""
"2019-12-12","Rajeev Lalwani","Morgan Stanley","375","364","Maintains","Equal-Weight",""
"2019-11-07","Richard Safran","Buckingham Research","450","405","Maintains","Buy",""
"2019-10-23","Robert Spingarn","Credit Suisse","385","401","Maintains","Neutral",""
"2019-10-23","","JP Morgan","360","395","Maintains","Neutral",""
"2019-10-23","Rajeev Lalwani","Morgan Stanley","364","381","Maintains","Equal-Weight",""
"2019-10-10","Robert Spingarn","Credit Suisse","401","379","Maintains","Neutral",""
"2019-10-10","Rajeev Lalwani","Morgan Stanley","381","376","Maintains","Equal-Weight",""
"2019-08-14","Rajeev Lalwani","Morgan Stanley","376","356","Maintains","Equal-Weight",""
"2019-07-25","Robert Czerwensky","DZ Bank","","","Downgrades","Hold","Buy"
"2019-07-24","","JP Morgan","395","360","Maintains","Neutral",""
"2019-07-24","Robert Spingarn","Credit Suisse","379","369","Maintains","Neutral",""
"2019-07-10","Myles Walton","UBS","420","385","Maintains","Buy",""
"2019-06-14","Rajeev Lalwani","Morgan Stanley","356","324","Maintains","Equal-Weight",""
"2019-05-16","","Barclays","370","340","Maintains","Equal-Weight",""
"2019-04-24","Myles Walton","UBS","385","365","Maintains","Buy","Buy"
"2019-04-24","Peter Arment","Baird","371","326","Maintains","Outperform","Outperform"
"2019-02-13","Rajeev Lalwani","Morgan Stanley","324","300","Maintains","Equal-Weight","Equal-Weight"
"2019-01-14","","Citigroup","338","400","Maintains","Buy","Buy"
"2019-01-10","Charles Minervino","Susquehanna","321","","Initiates Coverage On","Positive",""
"2019-01-10","","Vertical Research","340","","Upgrades","Buy","Hold"
"2019-01-10","Rajeev Lalwani","Morgan Stanley","300","","Downgrades","Equal-Weight","Overweight"
"2018-12-04","","Barclays","325","369","Maintains","Equal-Weight","Equal-Weight"
"2018-11-14","Rajeev Lalwani","Morgan Stanley","366","386","Maintains","Overweight","Overweight"
"2018-10-24","Robert Spingarn","Credit Suisse","357","368","Maintains","Neutral","Neutral"
"2018-10-24","","JP Morgan","370","395","Maintains","Neutral","Neutral"
"2018-10-24","Noah Poponak","Goldman Sachs","394","391","Upgrades","Conviction Buy","Neutral"
"2018-10-11","Rajeev Lalwani","Morgan Stanley","386","377","Maintains","Overweight","Overweight"
"2018-10-03","Robert Spingarn","Credit Suisse","368","340","Maintains","Neutral","Neutral"
"2018-08-16","Myles Walton","UBS","400","","Initiates Coverage On","Buy",""
"2018-07-26","","Berenberg","","","Upgrades","Buy","Hold"
"2018-07-25","Ronald Epstein","B of A Securities","412","400","Maintains","Buy","Buy"
"2018-07-25","Robert Spingarn","Credit Suisse","340","335","Maintains","Neutral","Neutral"
"2018-07-25","Rajeev Lalwani","Morgan Stanley","377","352","Maintains","Overweight","Overweight"
"2018-07-25","","Cowen & Co.","","","Upgrades","Outperform","Market Perform"
"2018-07-25","Joseph DeNardi","Stifel","370","400","Maintains","Buy","Buy"
"2018-07-12","Rajeev Lalwani","Morgan Stanley","352","370","Maintains","Overweight","Overweight"
"2018-04-12","Rajeev Lalwani","Morgan Stanley","373","388","Maintains","Overweight","Overweight"
"2018-03-29","","Barclays","369","","Initiates Coverage On","Equal-Weight",""
"2018-02-23","Rajeev Lalwani","Morgan Stanley","388","382","Maintains","Overweight","Overweight"
"2018-02-05","Richard Safran","Buckingham Research","403","348","Maintains","Buy","Buy"
"2018-01-30","Sam Pearlstein","Wells Fargo","355","340","Maintains","Market Perform","Market Perform"
"2018-01-30","","Citigroup","400","355","Maintains","Buy","Buy"
"2018-01-30","Peter Arment","Baird","410","337","Maintains","Outperform","Outperform"
"2018-01-30","Robert Spingarn","Credit Suisse","380","308","Maintains","Neutral","Neutral"
"2018-01-30","Joseph DeNardi","Stifel","400","345","Maintains","Buy","Buy"
"2018-01-16","Sam Pearlstein","Wells Fargo","","","Downgrades","Market Perform","Outperform"
"2017-10-25","Erin Wright","Credit Suisse","308","300","Maintains","Neutral",""
"2017-10-25","Joseph DeNardi","Stifel","340","320","Maintains","Buy",""
"2017-10-05","Richard Safran","Buckingham Research","348","316","Maintains","Buy",""
"2017-08-08","Rajeev Lalwani","Morgan Stanley","342","","Initiates Coverage On","Overweight",""
"2017-01-12","","RBC Capital","265","","Initiates Coverage On","Sector Perform",""
"2016-12-05","Myles Walton","Deutsche Bank","300","270","Maintains","Buy",""
"2016-11-14","Joseph DeNardi","Stifel","290","260","Upgrades","Buy","Hold"
"2016-11-10","","Barclays","275","245","Upgrades","Equal-Weight","Underweight"
"2016-11-09","Myles Walton","Deutsche Bank","","","Upgrades","Buy","Hold"
"2016-10-06","Peter Arment","Baird","284","","Initiates Coverage On","Outperform",""
"2016-10-03","","Barclays","245","250","Maintains","Underweight",""
"2016-09-19","","Wells Fargo","","","Upgrades","Outperform","Market Perform"
"2016-09-07","","Citigroup","284","239","Maintains","Buy",""
"2016-09-06","","Citigroup","284","239","Maintains","Buy",""
"2016-08-25","","JP Morgan","","","Initiates Coverage On","Neutral",""
"2016-08-24","Noah Poponak","Goldman Sachs","245","","Assumes","Neutral",""
"2016-05-31","","Berenberg","","","Downgrades","Hold","Buy"
"2016-05-19","","RBC Capital","","","Downgrades","Sector Perform","Outperform"
"2016-05-13","Joseph DeNardi","Stifel","","","Downgrades","Hold","Buy"
"2016-05-02","","Barclays","225","215","Maintains","Underweight",""
"2016-03-17","","Berenberg","","","Initiates Coverage On","Buy",""
"2016-02-16","","Barclays","215","210","Maintains","Underweight",""
"2016-01-27","","Credit Suisse","225","236","Maintains","Neutral",""
"2016-01-27","Michael Maugeri","Wolfe Research","","","Upgrades","Outperform","Peer Perform"